group,index,mean,scale
eeg,0,-0.00039019342736318417,0.3149272068549363
eeg,1,-0.00024487833322921676,0.30908702381091951
eeg,2,0.00015873465427530744,0.30757184586665431
eeg,3,0.00016530468113450022,0.30780904796842634
eeg,4,0.041879324266887237,0.11950057808171788
eeg,5,0.041881082491088004,0.11949720038219606
eeg,6,0.041874321722524477,0.11950091593085478
eeg,7,0.04187250997111111,0.1195001042675943
eeg,8,-0.00012066161659102284,0.13342443790175298
eeg,9,-2.8496968955571279e-05,0.13270595201238269
eeg,10,3.5625672761842693e-05,0.13241152562682404
eeg,11,-2.8199008941540875e-06,0.13185466369369464
eeg,12,0.033692729660852211,0.032602397906475095
eeg,13,0.033691162996310524,0.032603442854877325
eeg,14,0.033684701263418181,0.032610012232827446
eeg,15,0.03368690934800396,0.032607679686132374
eeg,16,-0.0001328277087436957,0.21685358935789534
eeg,17,-6.2137782102127736e-05,0.21577123510653434
eeg,18,5.7698014321536729e-05,0.21510382183253576
eeg,19,3.58309179636793e-05,0.21426279530012668
eeg,20,0.072614697194586769,0.085051972120454442
eeg,21,0.072610821276208368,0.085054628044818212
eeg,22,0.072602123936560181,0.08506321365259327
eeg,23,0.072607041703548758,0.085058079544927556
eeg,24,-0.00013293584602493711,0.18206161576006571
eeg,25,-4.8311694799893623e-05,0.18129337227271244
eeg,26,1.9284352542069631e-05,0.18120339325713453
eeg,27,6.7330975952282862e-06,0.18057482194618263
eeg,28,0.049484505020118731,0.041997818078099519
eeg,29,0.04948346719056515,0.041997584595587389
eeg,30,0.049479895518022829,0.042002576110984152
eeg,31,0.049481562945414198,0.041999401154780319
eeg,32,6.3844136095826307e-05,0.22402578890594566
eeg,33,0.00011633748877792545,0.22360906477930007
eeg,34,-0.00014166375848653442,0.22384385811469001
eeg,35,-0.00014058204553057385,0.22299902487287579
eeg,36,0.078768426979863859,0.071962908328491629
eeg,37,0.078771899717906754,0.071959628758958658
eeg,38,0.078768844303382532,0.071962032651386953
eeg,39,0.078765687199746706,0.071965787568117681
eeg,40,6.1529156751296228e-05,0.22161802636909797
eeg,41,1.7958755464427001e-05,0.22089760635482728
eeg,42,-0.00011263012489080425,0.22112018492267307
eeg,43,-3.498109775323126e-05,0.22033974500716197
eeg,44,0.069116735820651268,0.06359151147355685
eeg,45,0.069121054731613757,0.063587017011047145
eeg,46,0.06912353130310904,0.063583935557431387
eeg,47,0.069119700863661898,0.063588127160869867
eeg,48,-0.00014018733835399308,0.13085008372042764
eeg,49,-2.4512947714466896e-05,0.1298069854887583
eeg,50,-1.1232610141819997e-05,0.12968600587576337
eeg,51,-3.2251953038194573e-05,0.12920621838118881
eeg,52,0.031051484478413757,0.031889430512097978
eeg,53,0.031049616401389753,0.031889200439562893
eeg,54,0.031046292139707929,0.031893990548775772
eeg,55,0.031048537239176725,0.03189033797456918
eeg,56,-9.7833189397831914e-05,0.38676594288311705
eeg,57,0.00039641150699946275,0.38526111105579408
eeg,58,-1.2334829894214707e-05,0.38399364975366412
eeg,59,-0.00043893609644844283,0.38364763180882638
eeg,60,0.095018548129910799,0.094624920278977259
eeg,61,0.095004697932201232,0.094636131371116358
eeg,62,0.094995280825897574,0.09464505236366616
eeg,63,0.095007253585096263,0.09463154887391087
eeg,64,-4.4507494755262e-05,0.27111457971011615
eeg,65,0.00015388974484317899,0.27044777298709116
eeg,66,-6.1032284940347909e-05,0.26978155695925549
eeg,67,-0.00018678836972259798,0.26938592789624877
eeg,68,0.086505290037618587,0.10542454742114941
eeg,69,0.086507182090143603,0.10542343110833005
eeg,70,0.086500872390141162,0.10542854434055512
eeg,71,0.086498267216498115,0.10543074419404487
eeg,72,1.7111336590607406e-05,0.14692290448897866
eeg,73,0.00012297879471254427,0.14590116272047202
eeg,74,-2.4742619012190554e-05,0.14528724826097245
eeg,75,-0.00012369825995354816,0.14518167605858018
eeg,76,0.034769076587779335,0.027828826036822081
eeg,77,0.034763302223255362,0.027833686468467213
eeg,78,0.034761628223484282,0.027837293303423234
eeg,79,0.034767548400368206,0.027828716600502561
eeg,80,3.5620998603466249e-05,0.3866878548263819
eeg,81,0.00030971970166639943,0.3851054059881292
eeg,82,-6.0502709346861588e-05,0.3835787682907984
eeg,83,-0.00031981164596638599,0.38277053823890889
eeg,84,0.095691897985927268,0.099126821595110368
eeg,85,0.095689000922429213,0.099124121116068262
eeg,86,0.095687916259965838,0.099117461252385519
eeg,87,0.095688595710982677,0.09911367506864549
eeg,88,-0.00013789670586384921,0.20928737933073929
eeg,89,0.0001682159951925623,0.20901611873754636
eeg,90,0.0001087201144912496,0.20828189827430713
eeg,91,-0.00018008068920147632,0.20829238490872287
eeg,92,0.069385049244539934,0.077664902058465823
eeg,93,0.069380601397797323,0.077666675893633214
eeg,94,0.069384055747963358,0.077666649655184189
eeg,95,0.069388176281794126,0.077661017885204658
eeg,96,0.00010842671555369116,0.31050020405409789
eeg,97,0.00024393894375444926,0.31488692969963084
eeg,98,-0.00017102631547716245,0.31666403606002613
eeg,99,-0.0002606518069574531,0.31179574337007332
eeg,100,0.097644879785690114,0.12959802237207346
eeg,101,0.097637158842177996,0.12960485482801279
eeg,102,0.097639250423181584,0.12960097498076484
eeg,103,0.097645616630031462,0.1295977613826427
eeg,104,-0.00020030303973882362,0.23978477811302404
eeg,105,0.00046758180783354009,0.23945593664744663
eeg,106,0.0001333792002482643,0.23869722130344911
eeg,107,-0.00049036615906745615,0.23861020291603277
eeg,108,0.094544839289890908,0.13429826356509939
eeg,109,0.094549458585197699,0.13429536146591756
eeg,110,0.094549419397828002,0.13429533844584052
eeg,111,0.094543674961864818,0.13429939539842561
eeg,112,-8.6552188963159729e-05,0.13092663836699683
eeg,113,7.5104479293629963e-05,0.12971122205230051
eeg,114,6.4771381198191306e-05,0.1296240301583034
eeg,115,-8.1660388207871259e-05,0.12931850843050083
eeg,116,0.036975269132368906,0.037601726019248258
eeg,117,0.036970732948494074,0.037605603773775288
eeg,118,0.036968722248514101,0.03760763540502713
eeg,119,0.036973146421763269,0.037603874070272873
eeg,120,-2.2905546224673502e-05,0.095721752227633267
eeg,121,3.8179244849831323e-05,0.093978124402262636
eeg,122,2.7393382037560797e-05,0.09194705060405535
eeg,123,-3.4242713028958443e-05,0.09200428680084935
eeg,124,0.024783097619351872,0.023826308449384919
eeg,125,0.024777633493983143,0.023829225527477453
eeg,126,0.024773253395016608,0.023835602112150307
eeg,127,0.024778574496989086,0.023828853622439163
eeg,128,-0.00014675411355358312,0.15810044236059792
eeg,129,7.5331651881533861e-05,0.1568307638438878
eeg,130,9.8065275384299081e-05,0.15705044600196472
eeg,131,-9.2947502446674628e-05,0.15649926983491727
eeg,132,0.05023755266929808,0.060814313822266208
eeg,133,0.050236513688943017,0.06081489651684123
eeg,134,0.050235125575073321,0.060816080213526726
eeg,135,0.050236470823528202,0.060815404313446023
eeg,136,-9.4631013160304534e-05,0.31349922464688862
eeg,137,0.00022820994205760404,0.31190470434515133
eeg,138,1.2509721676718858e-05,0.31225486830798749
eeg,139,-0.00026051998548011019,0.31130471330422771
eeg,140,0.14395404870977227,0.17701927894916558
eeg,141,0.14396399084688366,0.17701223460425475
eeg,142,0.14396011620696733,0.17701665438633485
eeg,143,0.14395162895180519,0.17702438099964479
eeg,144,-0.0001819113760527527,0.19558354434408742
eeg,145,-1.9505791950747894e-05,0.19394148608726081
eeg,146,2.6919379160887299e-05,0.19431834246603669
eeg,147,-3.7139853763544716e-05,0.19352363856916077
eeg,148,0.064570257505574088,0.07898446046274471
eeg,149,0.064571217878186454,0.078980700782754959
eeg,150,0.064569525569379727,0.0789849063207477
eeg,151,0.06457053711626215,0.078980865411026696
eeg,152,-0.00012544972185952173,0.1191805454804851
eeg,153,1.4137289657854086e-05,0.11791895719279109
eeg,154,1.8331872228253522e-05,0.11792035760049244
eeg,155,-5.4264709361576614e-05,0.11740327092443149
eeg,156,0.032334148933938579,0.033454806905288362
eeg,157,0.032333641495518525,0.033452684260306773
eeg,158,0.032332109801003858,0.033456045902189153
eeg,159,0.032333202881702015,0.033453208973982761
eeg,160,-0.00011691641239626043,0.16064040996784551
eeg,161,-8.9286164045054417e-07,0.1595902568955965
eeg,162,2.3859030756813657e-05,0.15955976709011854
eeg,163,-3.0626506168683988e-05,0.15898992207564153
eeg,164,0.041866054196033918,0.043057747092224485
eeg,165,0.041864789281450362,0.043058754817651028
eeg,166,0.041859561875150927,0.043063457791487014
eeg,167,0.041861170396166977,0.043062240869968009
eeg,168,-9.5049287122970301e-05,0.23469572932423574
eeg,169,9.9605702600715339e-05,0.23381991217530909
eeg,170,6.6865269960306121e-06,0.23314377814790926
eeg,171,-0.00013145169413585162,0.23294117542460421
eeg,172,0.06978759502171461,0.074158868779363341
eeg,173,0.069785176845915231,0.074160789984134848
eeg,174,0.069781228637159701,0.074165038307050596
eeg,175,0.069784814365607073,0.074162839105077663
eeg,176,-5.756700756868623e-05,0.2271980180897315
eeg,177,1.739440358114965e-05,0.22560368420019919
eeg,178,-8.5543262244402142e-05,0.22567496040756138
eeg,179,-6.8113182427128406e-05,0.22498223733927619
eeg,180,0.072988887365718472,0.082724924411627626
eeg,181,0.072979556992089856,0.082733737019847542
eeg,182,0.072974320273542198,0.082737550646383162
eeg,183,0.072984348633219717,0.082730427706618051
eeg,184,-7.3833391720413833e-05,0.1978246114034396
eeg,185,3.4996372346413937e-05,0.19723741663765049
eeg,186,-5.3982787734038215e-05,0.19731308694078503
eeg,187,-7.9626460378345716e-05,0.19641513517238582
eeg,188,0.051012774028724325,0.044449335230354936
eeg,189,0.051011410075476854,0.044448731596497093
eeg,190,0.051009836940404001,0.044452162657211067
eeg,191,0.051012445565666933,0.044447740931606389
eeg,192,2.150814452774265e-05,0.22314280949135062
eeg,193,-2.2410819095235405e-05,0.2224800575955565
eeg,194,-0.00021913060163286234,0.2227270782657321
eeg,195,-4.8899302414561933e-05,0.22178360131757424
eeg,196,0.072171542788966758,0.065468355802445449
eeg,197,0.072164676646027562,0.065475532652279539
eeg,198,0.072164024665755694,0.065476473786313494
eeg,199,0.072169618566177623,0.065470093136335186
eeg,200,6.3813843409477234e-05,0.18024227401438594
eeg,201,0.00012818658088733408,0.1795229034212604
eeg,202,-0.00014375587136590683,0.17936701467432525
eeg,203,-0.00015523177304676731,0.17902004061766713
eeg,204,0.05816306419031006,0.067926964712570204
eeg,205,0.058160554681875802,0.067928376869155205
eeg,206,0.058155299298640363,0.067931516357510435
eeg,207,0.058156691231959989,0.067929922908710014
eeg,208,-0.00034454164710193239,0.21416559166885804
eeg,209,0.00036183302870736579,0.25252921337565132
eeg,210,-2.0080233424655335e-05,0.16817943428972551
eeg,211,2.8993091834688169e-06,0.16794184736978746
eeg,212,-2.4825833720203719e-08,0.0011362547177569862
eeg,213,2.1509390911866889e-07,0.0011495442597542953
eeg,214,2.3870694686482592e-07,0.0011666840508861138
eeg,215,-3.2255159066176417e-07,0.0011201212487722131
eeg,216,0.037106842982282388,0.12447351857596495
eeg,217,0.037106708107844964,0.12447294056771917
eeg,218,0.037106868355774189,0.12447256675918897
eeg,219,0.037106641506912938,0.12447235165218135
eeg,220,-3.6214343621017144e-07,0.0069818148627039632
eeg,221,-1.3357790992837063e-07,0.0069802068521808
eeg,222,1.2844260081769457e-07,0.0069832171285283563
eeg,223,-1.8992648431948387e-07,0.0069937118846333463
eeg,224,-2.6304252111183551e-05,0.0080901565712987542
eeg,225,-3.4939903812306625e-05,0.0078131254286227629
eeg,226,2.5621850341588997e-05,0.0093606294216171254
eeg,227,3.5637056773273539e-05,0.010098364528967653
eeg,228,0.044828609793621438,0.097834564081608719
eeg,229,0.04479536913421002,0.097852272044640462
eeg,230,0.044787046182250705,0.097851699694735922
eeg,231,0.044820329281439523,0.097838285045866252
eeg,232,6.3718286447618348e-06,0.018757204398527343
eeg,233,-3.1877177497954424e-05,0.018342312445225731
eeg,234,-6.5220724159639432e-06,0.017855377380884854
eeg,235,3.2129934039299705e-05,0.018080040960966763
eeg,236,-8.095174168983824e-09,0.00030369944510038943
eeg,237,6.1183859734063255e-07,0.00076826619244295044
eeg,238,-3.492972679634667e-07,0.00056238817503174781
eeg,239,3.0811318457345639e-08,0.0002282412187761061
eeg,240,0.033292550322243451,0.11501799688561171
eeg,241,0.033292679002133327,0.11502924362487309
eeg,242,0.033292450087687137,0.11502071595607639
eeg,243,0.033292205736862382,0.11501413189278495
eeg,244,-5.4093937487910244e-07,0.0027774437523318696
eeg,245,1.1190108686484768e-07,0.0029020457544186849
eeg,246,-2.3491040229097824e-07,0.0028049943952595129
eeg,247,-2.1486325551296933e-07,0.0028098763127008216
eeg,248,-2.6767820153108703e-05,0.0053633192091674005
eeg,249,-6.138502778868987e-05,0.0060769602908755105
eeg,250,3.2417624753470364e-05,0.0070998368872123444
eeg,251,5.5530297940732841e-05,0.0086396725954064248
eeg,252,0.042578705000444389,0.06264070111351519
eeg,253,0.042531394525879819,0.062649321829389523
eeg,254,0.042510789134086284,0.062672859882796805
eeg,255,0.042557346849533065,0.062648329356657137
eeg,256,1.8167677115710846e-05,0.012941503597018084
eeg,257,-4.6494980290988519e-05,0.013334871742329829
eeg,258,-1.6770603502465189e-05,0.011854164311603499
eeg,259,4.4566889608041841e-05,0.012860480821952477
eeg,260,-0.00023092155226057745,0.45128975162979246
eeg,261,-0.00014702202780692651,0.44051730134520889
eeg,262,-4.7307673140752746e-05,0.43206316197004929
eeg,263,5.5024029630463753e-05,0.42825723350384187
eeg,264,3.5351035454868572e-07,0.0014688079457409599
eeg,265,1.3422807730413408e-07,0.0012645281376969704
eeg,266,-4.807882094637387e-07,0.0012639573502593576
eeg,267,1.9048035784503243e-07,0.0013962906612992902
eeg,268,0.21065321690468866,0.51895843421170973
eeg,269,0.21065333890054183,0.51895845190757428
eeg,270,0.21065290136624568,0.5189581248002626
eeg,271,0.21065257481428415,0.51895825285706765
eeg,272,-9.5253589758505463e-08,0.010905128191765251
eeg,273,6.6584830025864114e-08,0.01091794845249002
eeg,274,-4.3140466632232753e-07,0.010914165656375202
eeg,275,-2.555380759712673e-07,0.010885678186465918
eeg,276,-0.00027037639277960307,0.21990656630856703
eeg,277,9.3362303852157727e-05,0.16438855116209125
eeg,278,8.9886151655793067e-05,0.16046916511669468
eeg,279,9.3092919886343526e-05,0.16357650322774445
eeg,280,0.00011500472858793773,0.26376103710276466
eeg,281,0.00016084364753510196,0.26042914635690262
eeg,282,-0.00025933883299325832,0.26129823202719554
eeg,283,-0.00021600722590754277,0.25931271736299755
eeg,284,0.091841389331144899,0.13448201361017217
eeg,285,0.091838946804490451,0.13447964899807577
eeg,286,0.091840206487259504,0.13448136904577537
eeg,287,0.09184322635152245,0.13447568289432041
eeg,288,-8.1863207483273725e-05,0.19083939074834277
eeg,289,0.0001052289376344888,0.18876742057370921
eeg,290,-7.9123686964325765e-05,0.19059521047244407
eeg,291,-0.00016082932900811402,0.18880858776268727
eeg,292,0.074433483426710939,0.10537338744235486
eeg,293,0.074429218948561873,0.10537350042272466
eeg,294,0.074425042105785794,0.10537906834231307
eeg,295,0.074429802403023812,0.10537295961868377
eeg,296,-5.8923801013966322e-05,0.103626541316512
eeg,297,5.4968636072193925e-05,0.10254062277675523
eeg,298,-2.8554228060590667e-05,0.1019648446261994
eeg,299,-8.6663392510130186e-05,0.10195099467946694
eeg,300,0.024991388938255817,0.021226053782183348
eeg,301,0.024985090833340842,0.02123199188372538
eeg,302,0.02498256309574283,0.021235673542446633
eeg,303,0.024988825724207415,0.021228154272039147
eeg,304,-8.3719385944207558e-05,0.096792244455841281
eeg,305,-2.0959989675545363e-05,0.095604999309499422
eeg,306,3.8487040728532254e-05,0.095535764967994416
eeg,307,6.1962891537587283e-06,0.09505272039543057
eeg,308,0.028748447134948518,0.033886149753379537
eeg,309,0.028745012420292152,0.03388845846466515
eeg,310,0.028742384565082889,0.033891083794431655
eeg,311,0.028745526768928224,0.033888318105539182
eeg,312,8.2517171523264541e-05,0.24074142958634437
eeg,313,-8.2602962715274625e-05,0.23739316073020481
eeg,314,-0.00016948257828103876,0.24008800909843678
eeg,315,5.6422724747389506e-05,0.23697106779166593
eeg,316,0.10397864002751629,0.1345979402225467
eeg,317,0.10397918865354697,0.13459952096987524
eeg,318,0.10397789882044405,0.1345997475495341
eeg,319,0.10397850183019432,0.13460046689985966
eeg,320,-0.00012171360730652696,0.15186371693498679
eeg,321,-4.1135879814131263e-05,0.15128574800107128
eeg,322,-1.870712715089985e-06,0.15083733001521046
eeg,323,-5.9820737366564864e-06,0.15055228344097926
eeg,324,0.047798517765217666,0.055695285625087902
eeg,325,0.047796417680208508,0.055696454642806217
eeg,326,0.047792258703402563,0.05570036679017306
eeg,327,0.047794969925118995,0.055697625889465974
eeg,328,-0.16242095934516027,478.02898075097335
eeg,329,-0.0037259968169615137,430.21322170111188
eeg,330,0.15883281088539944,478.56301531207316
eeg,331,0.0016482835105926894,428.95995986684807
eeg,332,454.94765126925063,591.61950878434538
eeg,333,454.51630128043837,588.70526878764701
eeg,334,455.02669405316931,591.49408112286199
eeg,335,454.51672704533632,589.0903407857337
eeg,336,-0.079790026966543179,299.44342514485248
eeg,337,-0.0012233516097340442,280.59562085074367
eeg,338,0.079042783918855775,300.55095865922141
eeg,339,0.0004253587292278795,281.03009680111938
eeg,340,0.13569000846047768,464.4837043735775
eeg,341,-0.0037369367069076767,417.79853275370255
eeg,342,-0.13773680276717434,464.4914825500249
eeg,343,0.0058604188933496781,416.57571590595063
eeg,344,471.7416428260982,589.54198867223056
eeg,345,471.21770179117158,586.78446211979519
eeg,346,471.67165900747165,589.60263013287522
eeg,347,471.22070875065208,587.30471953338395
eeg,348,0.067752984140669562,292.52455968834408
eeg,349,-0.0028523574190485405,274.67090854865177
eeg,350,-0.069983818626505295,293.79050695761873
eeg,351,0.0030072802781348665,274.64055467144817
eeg,352,-0.11690113958580363,299.54178852806893
eeg,353,-0.0015808819460688584,269.16144127694793
eeg,354,0.11527574650299753,299.75212114796153
eeg,355,-0.00019581118125562195,268.52111500968613
eeg,356,266.35026456091134,360.46451301875931
eeg,357,266.1035369684148,358.57301321908949
eeg,358,266.40785294201629,360.36217631516593
eeg,359,266.10305772298699,358.82605623845353
eeg,360,-0.057687365398168329,187.12545829045453
eeg,361,-0.00028898467590900769,175.18579148734884
eeg,362,0.057588381104829132,187.75480494075978
eeg,363,-0.00048119091425563235,175.36229290635626
eeg,364,-0.055053806866820452,331.47641768142915
eeg,365,-0.0010717963455627443,289.50673419601731
eeg,366,0.054721231113275016,313.7893671492688
eeg,367,0.0015794181385980631,289.24884006002361
eeg,368,271.19691151584527,357.69171102172709
eeg,369,270.92962630112277,359.63769694570277
eeg,370,271.22404105218095,365.66003336367322
eeg,371,270.93043108009886,359.83544523846479
eeg,372,-0.027591694777468149,199.75008176982971
eeg,373,-0.00076689447318902871,195.89966434645328
eeg,374,0.027129536335806607,200.1028360398455
eeg,375,0.00080752090196568762,176.82968042772887
eeg,376,-0.00051034013580119122,1.1303232580154166
eeg,377,-5.9184735225096695e-06,1.0168139601935096
eeg,378,0.00050493321854738911,1.1318875202005039
eeg,379,7.4069890459601738e-07,1.0134813043859714
eeg,380,3.038290975002742,1.4016148332061511
eeg,381,3.0352745964223553,1.3946214482494388
eeg,382,3.0385440751775854,1.4013320993671696
eeg,383,3.0352750427346096,1.3956324747427316
eeg,384,-0.00025183304370585136,0.70683786273388838
eeg,385,-3.1886310922999156e-07,0.66181755871839221
eeg,386,0.00025310017484153722,0.70977831263693725
eeg,387,4.3871384587425782e-07,0.66331366705948647
eeg,388,-0.00025994807914381425,1.1851104998225841
eeg,389,-1.9729489265301944e-06,1.0522343340337823
eeg,390,0.00026247181782631878,1.1598159561646064
eeg,391,6.6115145187196549e-06,1.0498282490947322
eeg,392,3.1342072429678787,1.4330567610049678
eeg,393,3.1310300573100607,1.431190428817561
eeg,394,3.1343393678119291,1.4440283303804036
eeg,395,3.131035823717558,1.4325023836798245
eeg,396,-0.00013034697377506917,0.73042190211484048
eeg,397,-8.2028749869284349e-07,0.69717447470373151
eeg,398,0.00013212484405124804,0.73322512019336272
eeg,399,5.7762039450981992e-06,0.67002783083305273
label,0,-0.011225347744048301,0.92710046039981953
label,1,-0.013844164284793859,0.94278025112448616
